key,yt_id,start_time,end_time,annotation
yzBokd4ckSA-111682000-118086000,yzBokd4ckSA,111682000,118086000,the main reason i like the weldcrete is number one has never failed me i've never had a color coat separate from a house
MLTFmVgfkd8-61739999-63728000,MLTFmVgfkd8,61739999,63728000,and tape the end
JEtnR5Nnbe4-921150000-926040000,JEtnR5Nnbe4,921150000,926040000,but it is the largest katydid i have ever come across
nJ2h7zQNwnA-326070000-328976000,nJ2h7zQNwnA,326070000,328976000,i'll grill for about three minutes on one side
Zx3JBtdCM80-357859999-368606000,Zx3JBtdCM80,357859999,368606000,condiment just takes over and ruins the fish flavour because it's so subtle and this is a really soft white fish with a beautiful subtle flavour
k_QTMw7stGs-236570000-242812000,k_QTMw7stGs,236570000,242812000,the quiche smells buttery the crust is crispy and crumbly and the fillings are amazing
iFFeIT4n4zU-595430000-601218000,iFFeIT4n4zU,595430000,601218000,just a practice for me but it's already making this violin look
joL0ClvRlRU-59619000-65910000,joL0ClvRlRU,59619000,65910000,where we also announce our annual ant love contest where we give away a full ant setup
vm9KINwHcAE-448669000-450999000,vm9KINwHcAE,448669000,450999000,and if it flies well for you
2Bns2m5Bg4M-127659000-133104000,2Bns2m5Bg4M,127659000,133104000,and then to open and close the chopsticks we just do the movement that we learned with our first and second finger
mTbXYWfrmBw-209629000-215773000,mTbXYWfrmBw,209629000,215773000,a net gloves and guess what it is for look at these weird gloves it's a net gloves
U-uQv_fLvCE-56939000-60165000,U-uQv_fLvCE,56939000,60165000,how did we get a disney princess egg in there
oToAYJTdO8c-68820000-73160000,oToAYJTdO8c,68820000,73160000,wash mung beans several times with tap water
R6mQOIICl9I-333599000-338964000,R6mQOIICl9I,333599000,338964000,i also machine these grooves allowing me to easily divide the drawers according to my needs
BtRnUDocwdI-23639999-27232000,BtRnUDocwdI,23639999,27232000,all lilly pillies like a welldrained soil
FMnDWdbT31s-405400000-410674000,FMnDWdbT31s,405400000,410674000,next add the seasoning the dark soy sauce chili bean sauce sugar and salt
BBRoJ7FkG7g-157790000-161399999,BBRoJ7FkG7g,157790000,161399999,so now two of the seeds i will
_5NiWY3jxxY-122350000-126514000,_5NiWY3jxxY,122350000,126514000,if it cant breach it aint worth a shit the axe is forged from one piece of
y2Xz4ei7v_E-14648000-17212000,y2Xz4ei7v_E,14648000,17212000,when guests are gone it stays in couch mode
hGQNysZpu90-47279000-50505000,hGQNysZpu90,47279000,50505000,okay to make your furrows just take the corner of your hoe
JAYgKZmQFhE-133750000-137977999,JAYgKZmQFhE,133750000,137977999,you can choose to have several pegs lines installed on the wall by the sink instead
81tySsDtWWs-14560000-22248000,81tySsDtWWs,14560000,22248000,this one is to mix all the slime this one is for the borax and water mixture and this one is for the glue
S5a-IARwG5M-8340000-12334000,S5a-IARwG5M,8340000,12334000,today we're going to look at planting our cucurbits like our pumpkins squash
wlvtgMXZfZM-40312000-44540000,wlvtgMXZfZM,40312000,44540000,now i like to cut my soft shell crab in half at an angle just like this
qEIpCAHvvK4-32101999-34986000,qEIpCAHvvK4,32101999,34986000,because that can cause your balloon to pop
gv1e4kkgbrI-82449000-86377999,gv1e4kkgbrI,82449000,86377999,and a munter hitch is used in climbing as a friction knot
jgbDsH_kWqc-325849999-329734000,jgbDsH_kWqc,325849999,329734000,we need a rounded pencil to roll the wings
UfFymmg1IDE-469299999-472730000,UfFymmg1IDE,469299999,472730000,so one treble into that very same space
2MAZNolZpTQ-31909999-35852000,2MAZNolZpTQ,31909999,35852000,and begin to bind scrape down the sides as needed
8MHoJAA6PIc-813549000-817553000,8MHoJAA6PIc,813549000,817553000,glue a row of cotton balls to the bottom part of the santa's hat
XuADkFmeMIo-96220000-98685000,XuADkFmeMIo,96220000,98685000,and then once you've got your caulk gun and your caulk
rTKV5-ZSWcE-453346000-457254000,rTKV5-ZSWcE,453346000,457254000,without touching the tomato let's make some carpaccio
nzVWfxu98eg-219100000-224816000,nzVWfxu98eg,219100000,224816000,and then pass through the new bead our last bead of this row
RDwxSUDocsc-144580000-150086000,RDwxSUDocsc,144580000,150086000,squeeze excess water from softened gelatin and add to the saucepan
FmTEmmksQYM-53350000-59087000,FmTEmmksQYM,53350000,59087000,of course you can rent the gas cutter from the tool rental center but it's overkilled
KpLCKUTEuGA-142219000-144911000,KpLCKUTEuGA,142219000,144911000,not a huge amount bit of salt on there
DloeRxrmrqM-42010000-44374000,DloeRxrmrqM,42010000,44374000,which we're going to use it as our rasam powder
3tvrnE8vQqw-754180000-761566000,3tvrnE8vQqw,754180000,761566000,the drawer underneath has face products like primers foundations bb creams cc creams powders and blushes
5hMuLPIdAb0-236100000-240926000,5hMuLPIdAb0,236100000,240926000,once you have your rope all knotted off at the top and the bottom and it's all secure in place
lSmy9Sg74hQ-251780000-255311000,lSmy9Sg74hQ,251780000,255311000,bring him down a little bit like that the cummerbund comes up
vcc5-ry4fA0-197760000-201823999,vcc5-ry4fA0,197760000,201823999,noting that chainring bolts require significantly less torque than a crank bolt
NVFUTYDf4LE-83909000-86226000,NVFUTYDf4LE,83909000,86226000,slip the next one as if to pearl
yDjlRu4CnjI-228550000-232352000,yDjlRu4CnjI,228550000,232352000,turning the barrel adjuster clockwise effectively lengthens the cable
bsNKYg35ZVw-157880000-160273999,bsNKYg35ZVw,157880000,160273999,you can clearly see the wiper
_OzEZBetJR0-378239999-386876000,_OzEZBetJR0,378239999,386876000,after making a dry assembly i got a bit nervous because then i couldn't remove some of the tenons that were so perfectly fitted
tl3zC7XDdl8-69500000-73238000,tl3zC7XDdl8,69500000,73238000,once the fish is ready we can rinse it under cold water
O3z9k0DYGgg-3549000-8002000,O3z9k0DYGgg,3549000,8002000,and i hear this ding and i thought my ceiling fan was gonna fall off
kfGfFq35us0-244699000-248581000,kfGfFq35us0,244699000,248581000,for example a moet and chandon brut imperial nonvintage
qgoWqDafEWo-34360000-36370000,qgoWqDafEWo,34360000,36370000,after sanding down the edge a little bit
uO3KeT0bDn0-186770000-193432000,uO3KeT0bDn0,186770000,193432000,because i'm using some parisian inspired ingredients like the mushrooms the champignons de paris
Ad-NOC4k8wQ-315109999-320438000,Ad-NOC4k8wQ,315109999,320438000,so now we arrive at the second fries shop which is called frites atelier
jjxRSZOXNqo-169510000-172516000,jjxRSZOXNqo,169510000,172516000,then add the soaked and strained dal
zTyvoh0WF2g-147254000-149114000,zTyvoh0WF2g,147254000,149114000,clearing your iphone's ram
py2kPbSsgmA-122440000-126667999,py2kPbSsgmA,122440000,126667999,individual onions can be placed carefully into net bags
u89O3wIfDpE-371020000-373670000,u89O3wIfDpE,371020000,373670000,and this hive is doing pretty well so
xydr_0UDQuk-259729999-263444000,xydr_0UDQuk,259729999,263444000,guys i think it's a butter slime
a53Yt4vf0E4-109119000-116064000,a53Yt4vf0E4,109119000,116064000,keeping adequate moisture to your corn when it gets up to this stage can be problematic the way we used to have to do it
xGh8-r4zcBM-45083999-47968000,xGh8-r4zcBM,45083999,47968000,the long end of the straw is on the top bottle
pnpHJdOKbcU-123160000-127730000,pnpHJdOKbcU,123160000,127730000,it tastes like watercress but milder like not as peppery as watercress
8lxTweXx3Ao-40729000-44594000,8lxTweXx3Ao,40729000,44594000,start small cause we can always cut more off but you cannot put more bag on
uMG6nKOq0pk-77036000-81007999,uMG6nKOq0pk,77036000,81007999,and we're going to inspect our oreos we'll get this thing opened up
NTbfmfMWK6Q-173756000-177024000,NTbfmfMWK6Q,173756000,177024000,and repeat the same fold for the opposite side
x-Q_0EoZW_I-908829999-916088000,x-Q_0EoZW_I,908829999,916088000,when you're ready add one teaspoon of borax into one cup of hot water and slowly add it to your iceberg slime mix
EFEBIBxbJSs-272640000-278770000,EFEBIBxbJSs,272640000,278770000,great idea of that fur texture it is just like there is nothing there look at how
z7ArmXybJnI-328128999-334853000,z7ArmXybJnI,328128999,334853000,and you'll have a chance to have a new rotatable fancy shoe rack you usually only see in a fancy shoe store
27XQ6k3bw0E-317590000-320398000,27XQ6k3bw0E,317590000,320398000,this dessert definitely deserves a happy dance
V5MySBcsBQY-116130000-123428000,V5MySBcsBQY,116130000,123428000,give the skull a glow by securing a batteryoperated light to the surface where you plan to display the skull using a piece of modeling clay
SzNkM9x2aFY-126579000-129339000,SzNkM9x2aFY,126579000,129339000,and then i can go ahead and sew from this screen
2Hs-VBPOYSo-31900000-35426000,2Hs-VBPOYSo,31900000,35426000,in the corn with your knife about half way through
YGGYYNJQUAw-217099000-219230000,YGGYYNJQUAw,217099000,219230000,our rosties are good to go as well
yS0qQuxu-yk-60590000-62988000,yS0qQuxu-yk,60590000,62988000,the second one is lemon thyme
Ax23L0oQIxc-345609999-357774000,Ax23L0oQIxc,345609999,357774000,hey it seems to have worked even today the residents of fuggerei literally worship jakob and the fugger family they've even opened a museum there to showcase the legacy of the fugger family
R-1GT1cPtTM-95769000-97893999,R-1GT1cPtTM,95769000,97893999,a lot of people tend to palm like this
5pQ4B9_nQr4-86873000-94109000,5pQ4B9_nQr4,86873000,94109000,from there it goes to a five point so one between the crotch and then to a six point which is the ultimate in safety with two between the crotch
yOUkXpS0jbc-73830000-77504000,yOUkXpS0jbc,73830000,77504000,and then using the secateurs
H5amAT4Mdxk-169250000-172667999,H5amAT4Mdxk,169250000,172667999,one of the biggest dryer vent clogs i've ever seen
AmRzxvt_txw-97500000-99445999,AmRzxvt_txw,97500000,99445999,parsely goes into the sauce
gsuDp_LUk5c-137570000-142844000,gsuDp_LUk5c,137570000,142844000,so jeff this is an espresso as you can see the crema and
I0dYWtua97Y-724965000-734889000,I0dYWtua97Y,724965000,734889000,that is still made out of a higher quality cotton in my opinion than the newer shorts you can buy these days my shoes are casual summer shoes called alpergatas from spain
shzFq9R0C08-181290000-185392000,shzFq9R0C08,181290000,185392000,now when they were fertile lines what that means is how many basically
g9fT5SPHwGM-4059000-9026000,g9fT5SPHwGM,4059000,9026000,tiling as well as the balance of the front blade and the back blade
T_WKh4P4-a0-41309999-44984000,T_WKh4P4-a0,41309999,44984000,that's right metal rescue is safe on everything except rust
GU3PcztIBQs-431900000-435402000,GU3PcztIBQs,431900000,435402000,you can even color this icing if you wish
mqSo3kWmFSM-257448999-260650000,mqSo3kWmFSM,257448999,260650000,so it does not create a crust when refrigerated
amnaZ3et2tY-391409000-394552000,amnaZ3et2tY,391409000,394552000,the mower did a good job exactly what i wanted
P8r6R2QmljM-201300000-205550000,P8r6R2QmljM,201300000,205550000,and the tail meat is a little different than the claw meat the tail meat is a little more firmer
KFk0eeQvTyw-1177610000-1180644000,KFk0eeQvTyw,1177610000,1180644000,and then the rice has got a great texture
FgTjGGYGS7g-174730000-177892000,FgTjGGYGS7g,174730000,177892000,brush the mustard mixture on the surface of the dough
MptrypvBTag-492250000-496226000,MptrypvBTag,492250000,496226000,henri poincare such orbits have a resonance period
RigANqmm2b0-463849000-467203000,RigANqmm2b0,463849000,467203000,then i fold all the squares into origami pixels
Fu5u6pGuxgI-342760000-346818000,Fu5u6pGuxgI,342760000,346818000,also trying his hand at cyclocross this weekend was andre greipel
_7sezyuPsDE-256029999-259512000,_7sezyuPsDE,256029999,259512000,good braking technique does take a little bit of practice
BjNVV2yK6DA-108190000-112874000,BjNVV2yK6DA,108190000,112874000,and now toast the mushrooms until they are well coated with the butter and oil
XHgxISMPs5M-101238000-103098000,XHgxISMPs5M,101238000,103098000,love this garlic press
xUPLQpa8Wvg-276720000-279610000,xUPLQpa8Wvg,276720000,279610000,two slices in each club sandwich
8PoK-_aJGUU-447270000-450714000,8PoK-_aJGUU,447270000,450714000,and then feed the dough through the machine
9tieoNIdllM-133440000-137370000,9tieoNIdllM,133440000,137370000,we now have two expressions for the variable s
zgyjEoOD8Y4-267630000-273032000,zgyjEoOD8Y4,267630000,273032000,these mini pretzels are crunchy flaky and full of chrismas flavours
afpVIWKAyFI-105200000-110699999,afpVIWKAyFI,105200000,110699999,now for the mediterranean sandwich i'm starting off with hummus put that on both sides of the bread
AXwC1YH0UHg-380359999-385114000,AXwC1YH0UHg,380359999,385114000,put it on to a rigid modern altaz mount
TJ2a_FNdDQI-185498000-190878000,TJ2a_FNdDQI,185498000,190878000,well done bosch i'll feed those two
KhVM0aSpirY-55708999-61894000,KhVM0aSpirY,55708999,61894000,it came off easily but it also didn't bring any roots with it but that's okay they root on their own very
JN-h_VSwkwc-10199000-17286000,JN-h_VSwkwc,10199000,17286000,pumpkins to make pumpkin soup and pumpkin pie and my favorite pumpkin muffins come on with me let's go
cVMBzX2mdAU-64175000-67029000,cVMBzX2mdAU,64175000,67029000,its had some wear and maybe over the years
NP4bhqiKEG0-355219000-361615000,NP4bhqiKEG0,355219000,361615000,on top and then roll start from one side i usually like to start from the crisscross end here
BQVeFEV8swo-114729000-120451000,BQVeFEV8swo,114729000,120451000,have a sterilized jar ready to use and put the syrupy jam into the clean jar
zEu2v0z48Qc-556579999-560097000,zEu2v0z48Qc,556579999,560097000,once everything's attached you may go ahead and move forward and attach your blade arm
RHrGEzZv1gk-9209000-12384000,RHrGEzZv1gk,9209000,12384000,start off by taking some ghee in a saucepan
SFCdO3SDs9g-23218000-25944000,SFCdO3SDs9g,23218000,25944000,and then cut the sleeves and top of your shirt
4PMF3dD4kGs-554459999-557134000,4PMF3dD4kGs,554459999,557134000,to be ready for later let's wash the
#NAME?,#NAME?,167499000,173029000,our next frozen yogurt flavor are two fruits that work in harmony with each other strawberry and banana
4RY1Z9pG_34-38910000-44286000,4RY1Z9pG_34,38910000,44286000,i planted the potatoes a few inches under the soil and then mulched the bed with several inches of leaves
1b1rBL915rg-153902000-162097999,1b1rBL915rg,153902000,162097999,and now let's roll up the pepper strips taking one end of the strip and roll it onto itself into a spiral shape
SA3gVDiaJCw-630140000-634054000,SA3gVDiaJCw,630140000,634054000,to the bar of the toggle clasp
wqbm13g9wew-277962000-282830000,wqbm13g9wew,277962000,282830000,and this is now programmed to do decorative stitch number two
PKh2pbBfvGI-103299000-107390000,PKh2pbBfvGI,103299000,107390000,there's also dicentra spectabilis alba which has white flowers and
_pPCASvqNO8-287868000-292416000,_pPCASvqNO8,287868000,292416000,and voila we have us this really cool braid
daSyezArFK8-66540000-71533999,daSyezArFK8,66540000,71533999,spoon the looseleaf tea into the teapot or the infuser or inset basket
37afp6dJ40g-389989999-393963000,37afp6dJ40g,389989999,393963000,now removing the tape that protected the tenons from the finish
OpjQy_BovjY-38379999-42182000,OpjQy_BovjY,38379999,42182000,and at the end still harvest good amount of peas
GbA72FshYnY-31330000-36924000,GbA72FshYnY,31330000,36924000,we just got to this cafe called pastel rita it looks like
tWCwmxy0nB8-70460000-75734000,tWCwmxy0nB8,70460000,75734000,once the edges of the pancakes start to form you can either use a skewer or a spoon to flip it over
uadkPbJScdI-237924000-241000000,uadkPbJScdI,237924000,241000000,now if you're gonna have ornaments on your tree
LP9wPSn-QKc-34330000-37862000,LP9wPSn-QKc,34330000,37862000,i bought this plant to add to my collection of herbs
bU3bn4UO8eE-38229000-40847000,bU3bn4UO8eE,38229000,40847000,we're gonna go in now with the chorizo
4_MFHOCwbd8-62711000-68347000,4_MFHOCwbd8,62711000,68347000,we believe these cufflinks are perfect to start because they are very versatile
uv7Xd-3q6UA-141282000-143910000,uv7Xd-3q6UA,141282000,143910000,okay i like to keep my taste doughy
9jpyXinUiW0-65060000-69693999,9jpyXinUiW0,65060000,69693999,make sure that the door and panel have been equally adjusted on all expansion points
KlQGPlbtOE8-31330000-33197000,KlQGPlbtOE8,31330000,33197000,here we're just patching a lawn
YFXamn5cia4-63430000-65545999,YFXamn5cia4,63430000,65545999,the bee's stomach a lot of the water gets absorbed
DLaqtQrdo2A-292780000-294918000,DLaqtQrdo2A,292780000,294918000,add a ground coriander
tne-cog8Wck-46830000-49416000,tne-cog8Wck,46830000,49416000,we have a fairly even cake now
GMAd2XDMHts-49040000-51754000,GMAd2XDMHts,49040000,51754000,we've had a reef in the main all night long
cHnBx2kPueM-138190000-140360000,cHnBx2kPueM,138190000,140360000,we want to take two eggs
U1nkBI4cVkA-100050000-103693999,U1nkBI4cVkA,100050000,103693999,drop in the garlic and cook until it becomes fragrant
2kM9nTlorE0-285239999-290272000,2kM9nTlorE0,285239999,290272000,before i started making the moss i found it easier to separate the moss out
X3LoujVB23c-320679999-323586000,X3LoujVB23c,320679999,323586000,now i'm going to add some rosehips
7h_mB0WW0jM-10890000-14124000,7h_mB0WW0jM,10890000,14124000,in the center of a seething cosmic maelstrom
Egxhl4XznLw-71560000-74722000,Egxhl4XznLw,71560000,74722000,the mash is lovely and smooth now it's ready to go into the bowl
r4hCxQns8ac-291628000-294832000,r4hCxQns8ac,291628000,294832000,use the thermometer to ensure the meat is cooked
vbbQxOJbK7s-391390000-396984000,vbbQxOJbK7s,391390000,396984000,if you decide to wear a blazer or an odd jacket i strongly recommend you wear a bold pocket square
Q_tepzsJQ6I-417619000-424989000,Q_tepzsJQ6I,417619000,424989000,once you have enough sauce take a tooth pick and start to swirl it around incorporating the brownie and caramel sauce together
9TPTd2GPJuY-310429999-314232000,9TPTd2GPJuY,310429999,314232000,delosperma cooperi tiny
AKPBLzsXJZk-135090000-138700000,AKPBLzsXJZk,135090000,138700000,now we're gonna dye these batters blue and gray
gxrKuuS-7VM-367909999-370880000,gxrKuuS-7VM,367909999,370880000,but i forgot to move the rest of the tulle out of the way
43kpY1TA5cU-51760000-56123000,43kpY1TA5cU,51760000,56123000,so the first thing is to grab your can opener and remove the top of the coke can
zUKFG_Y2pBk-232710000-235552000,zUKFG_Y2pBk,232710000,235552000,the bike follows naturally makes it a lot easier
YBNsjKfj_1A-147309000-149469000,YBNsjKfj_1A,147309000,149469000,or worse cut her eyelashes
_4ktyvxl-vg-135330000-140368000,_4ktyvxl-vg,135330000,140368000,when placed back in water or soil the stalk will grow new shoots in a month or so
bH5uvSYokt0-60110000-64699999,bH5uvSYokt0,60110000,64699999,and then we just rinse that guy off after now we're just pulling the
M2Yu_B3F3cU-115769000-118000000,M2Yu_B3F3cU,115769000,118000000,put the circuit board to one side
7mgPmUdG2ls-89440000-95314000,7mgPmUdG2ls,89440000,95314000,after brewing is complete the brew group deposits the puck of used coffee into a dredge drawer
ZsowLtZ9ZXM-132850000-135884000,ZsowLtZ9ZXM,132850000,135884000,and takes a bit more sun than daphne odora
VRAbkPuTMGs-293460000-297908000,VRAbkPuTMGs,293460000,297908000,back and forth across this small ceiling
dnllHqVDC6Y-76909000-81607000,dnllHqVDC6Y,76909000,81607000,use a fork to start combining the flour with the yeast mixture
EFMbnWrVucw-289859999-292274000,EFMbnWrVucw,289859999,292274000,and i can start spraying my clear coat
5QC4IXsz6-U-972388000-979146000,5QC4IXsz6-U,972388000,979146000,oh no here comes the other big indominus rex in the chaos effect thresher
ZIxMHEVdXyw-32670000-36072000,ZIxMHEVdXyw,32670000,36072000,mix to dissolve the cocoa powder into the hot water
-nY-9RRBPeg-75910000-79200000,-nY-9RRBPeg,75910000,79200000,then apply glue to the top edges of your frame
kKTXzsjejEs-124170000-132643999,kKTXzsjejEs,124170000,132643999,grate the rind of your orange making sure you don't go down to the white part because that won't taste nice you just want the orange coloured bit
s4PncXqeTUQ-434739999-437694000,s4PncXqeTUQ,434739999,437694000,the spinnerbait my favorite
uSceuOOLMsI-53300000-63004000,uSceuOOLMsI,53300000,63004000,call for a large quantity of yeast and sugar to accelerate the rise and produce a dough ready to bake in less than a couple of hours
fXFOUuq42Ps-86879000-89176999,fXFOUuq42Ps,86879000,89176999,you need not sow them
KHn1QLhadKc-191729000-194443000,KHn1QLhadKc,191729000,194443000,this will also keep some moisture in the seed tray
EDYId1alzLs-104290000-107452000,EDYId1alzLs,104290000,107452000,corn's coming up with cow pea on the outside
6Hl9Al0TlUk-128970000-133382000,6Hl9Al0TlUk,128970000,133382000,then we just get a nice foam onto the surface of the leather
l43fu4S_Lu0-65640000-69570000,l43fu4S_Lu0,65640000,69570000,every so often go back and pancake the braid by pulling gently on the edges
tzLJHkhWrbw-290929999-296000000,tzLJHkhWrbw,290929999,296000000,so we know already before we've even pulled the first comb out of this colony that we need to make
QlggACeAIMk-238050000-240972999,QlggACeAIMk,238050000,240972999,ladle some oil into a wellseasoned wok
Z_xVVS_m6Dc-765202000-772822000,Z_xVVS_m6Dc,765202000,772822000,is for the actual links of the chain maille to fit your wrist exactly and then that should be enough allowance for
f55ZjXt7rrc-524791999-530556000,f55ZjXt7rrc,524791999,530556000,well our bannock bread's off the other one's out it smells like our ash cake
JwnjR27zukc-49860000-54814000,JwnjR27zukc,49860000,54814000,well alright now there are two main motions to the coin roll first of all of course
RbvnIgyFy38-78727000-84811000,RbvnIgyFy38,78727000,84811000,if you want to evenly distribute the hair mask all over your hair you can also use a fine tooth comb
Vwn0APgBKUY-80199000-82954999,Vwn0APgBKUY,80199000,82954999,and you wanna cook those down until they start to become tender
wBpk4agCTr4-20860000-22762000,wBpk4agCTr4,20860000,22762000,a pair of tweezers
BMM9rwsrH54-97210000-100308000,BMM9rwsrH54,97210000,100308000,this just prevents the koftas from sticking to your hands
sfFmODY98Vs-252317999-255010000,sfFmODY98Vs,252317999,255010000,i used the small dividers to organize my tools
dq5njVO3T9g-106379000-109732999,dq5njVO3T9g,106379000,109732999,using some blue modelling paste now to create a jacket
J4ewLDPr06k-110052000-113353999,J4ewLDPr06k,110052000,113353999,on a fire road the perfect sort of thing for an enduro
SXr__V8LMUo-108480000-112043999,SXr__V8LMUo,108480000,112043999,and red bore are basically the same kale
6nwzxzLEPAI-17070000-24072000,6nwzxzLEPAI,17070000,24072000,take those oreos put it into a zip lock bag and you're going to take a rolling pin and you're going to smash it
SU1oF4ca5C0-245880000-257000000,SU1oF4ca5C0,245880000,257000000,all right you guys it's time to make these adorable rose patch jeans so for these jeans all you need is an old pair of jeans these super cute rose patches and fabric glue
2jheU64gDKE-879610000-885332000,2jheU64gDKE,879610000,885332000,i got a bottle of water which i accidentally started drinking before i like before
LayuTTekQ2I-261981999-266978000,LayuTTekQ2I,261981999,266978000,now that looks absolutely beautiful and get a little bit of that salsa as well
GPn4nqjjc4s-106020000-109771999,GPn4nqjjc4s,106020000,109771999,try to grate it yourself rather than buying the pre grated stuff
yxe-B_LrIdo-122000000-125417999,yxe-B_LrIdo,122000000,125417999,when i'm on the climbs actually once you're up to speed
8HapLgTG-2M-32723999-39354000,8HapLgTG-2M,32723999,39354000,cream cheese and wonton wrappers first we're going to make the wonton filling
7ykRR2WLtOY-129579000-135312000,7ykRR2WLtOY,129579000,135312000,all the different superheroes on it and i really love this pillow we got from loaf
Fgp_JFGQi0k-96370000-99660000,Fgp_JFGQi0k,96370000,99660000,first geese the bottom of the pan with some olive oil
UvDGBIkJaqQ-382959000-387245000,UvDGBIkJaqQ,382959000,387245000,but spicy and also the pork the shaozi they put on there
ig10K9oSPvA-114362000-117821999,ig10K9oSPvA,114362000,117821999,so you literally just rub it along the
aKh109obP1s-105909000-109646999,aKh109obP1s,105909000,109646999,this is when we need to add this milk solids that is a khoya
YmKn062ID-k-222000000-225929999,YmKn062ID-k,222000000,225929999,send all these beads out into one channel
mnmRBvnXBhA-33580000-36537000,mnmRBvnXBhA,33580000,36537000,these are little flowers from thyme
tpmOjU7k-KY-124040000-130210000,tpmOjU7k-KY,124040000,130210000,i'm just dumping all the popcorn out individually so we can see how many kernels were left behind
adug7juf1d8-154166000-159481999,adug7juf1d8,154166000,159481999,and those that's pretty much it you should be done nice open clean mussels
gaXgXGEanCk-26785999-29734000,gaXgXGEanCk,26785999,29734000,for this preparation i'm going to add some cornflour
gbH_n_6J1mc-359909000-366383000,gbH_n_6J1mc,359909000,366383000,these vegetables you see now are the quantities i will use for the shawarma filling
vTb0gndNE0k-495136999-498213000,vTb0gndNE0k,495136999,498213000,i forgot to open the nerlie bathtub and take it to chamoy
d5KJlnXUrGk-193889000-196389000,d5KJlnXUrGk,193889000,196389000,okay so the plane is completed
U1xr_QNlPmI-35490000-38118000,U1xr_QNlPmI,35490000,38118000,seidenfadenii is from thailand
JxLywSHYwDE-159460000-162622000,JxLywSHYwDE,159460000,162622000,how cool is that look how well it's chopping off
6a39_nTc8kQ-396409999-398624000,6a39_nTc8kQ,396409999,398624000,we use the cherry tomatoes
sePr669WCCc-165639000-168228000,sePr669WCCc,165639000,168228000,you found this noise grating grating
vB79XYKuc0U-162632000-166284000,vB79XYKuc0U,162632000,166284000,and i absolutely love this shake
LDqFy8Pcelk-122550000-128271999,LDqFy8Pcelk,122550000,128271999,using some ribbon thread it through your gift tag and then tie a knot in the end
wKSP_j9PNGc-64409000-68339000,wKSP_j9PNGc,64409000,68339000,i'll be using baby bella or cremini mushrooms for this recipe
fH6R5FiEKUI-162930000-166924000,fH6R5FiEKUI,162930000,166924000,it prevents the rice from being wet and sticky
k2sYrBch8OI-117879000-120848999,k2sYrBch8OI,117879000,120848999,add the petals into the ziplock bags and shake
xHBRsFulCb8-192022000-195866000,xHBRsFulCb8,192022000,195866000,i like shellac because it doesn't have the plasticky look that polyurethane can have
oEL3K45yWUw-177270000-181802000,oEL3K45yWUw,177270000,181802000,the reinforced concrete floors are supported on a brick corbel course
ozmt31t3QE8-8310000-14703000,ozmt31t3QE8,8310000,14703000,today i'm making some boiled beets i bought these massive beets from the farmers market they are organic
f4GtaYKO3zI-575530000-577668000,f4GtaYKO3zI,575530000,577668000,for this lemon i'm going to chop it
xPDM2AxWQDg-185112000-191196000,xPDM2AxWQDg,185112000,191196000,and i sewed a box shape at the end and then i sewed down both sides of each strap like this
bbuWtotvZNE-60990000-65524000,bbuWtotvZNE,60990000,65524000,and then take it off the doll's head and trim off the excess
0_l5eWi1biA-25830000-28736000,0_l5eWi1biA,25830000,28736000,for disneyland this is the popcorn
81zDlJb_I6M-126740000-129835999,81zDlJb_I6M,126740000,129835999,this is a globe eggplant it's a small one
5JyOuamXo_o-70300000-75505000,5JyOuamXo_o,70300000,75505000,and it has dull green hairy leaves and flowers and racemes
ysBex-E5IJU-272340000-275962000,ysBex-E5IJU,272340000,275962000,i'm going to start by laying small cubes of brownie all around the bottom of the dish
jqHlOMfy3C4-89616000-92756000,jqHlOMfy3C4,89616000,92756000,pit them and then scoop them out into another bowl
HhCLB7v2QWA-39430000-43936000,HhCLB7v2QWA,39430000,43936000,so what i need to do of course is to get my tape and my scissors out
UkZxPIZ1ngY-144460000-149862000,UkZxPIZ1ngY,144460000,149862000,sometimes the limit screws are unmarked and we'll show you how to identify which is which a little later
O98XZ2i8_cE-219740000-224255000,O98XZ2i8_cE,219740000,224255000,now an old pot or a bucket just to take your hanging basket
WAgGfUU7AUg-184350000-187494999,WAgGfUU7AUg,184350000,187494999,same method pour the egg yolk into a bowl
gGltM75s9v4-34519999-38776000,gGltM75s9v4,34519999,38776000,i like this one this one has the actual feet on it
r2ybPtDF-ak-84890000-87779999,r2ybPtDF-ak,84890000,87779999,start rolling to form a coil
IBlGs7ziRCo-217020000-220950000,IBlGs7ziRCo,217020000,220950000,to hold the thread vertically for this area
NzDHrTip8uE-173910000-176751999,NzDHrTip8uE,173910000,176751999,again the bales falls off the spooler
0JkFYbh7idQ-201809000-207862999,0JkFYbh7idQ,201809000,207862999,and for grapefruit it is actually great food for diabetic people
52EixU8ddLI-72250000-77011999,52EixU8ddLI,72250000,77011999,finish by gently covering everything with the remaining batter
2D4fad2-Kdc-716510000-723192000,2D4fad2-Kdc,716510000,723192000,you will need some wire pliers scissors florist tape leaf vine glue gun and the flowers of your choice
QE9SJ7er2Ac-751929000-755572000,QE9SJ7er2Ac,751929000,755572000,there are lots of local hong kong cuisine such as the won tonne noodle
yfa_mJUQRwI-368320000-374170000,yfa_mJUQRwI,368320000,374170000,make the necessary adjustments with the tail comb and curl the strands you left at the front
TWJdW8kgSY0-151719000-155785999,TWJdW8kgSY0,151719000,155785999,just wait the landscaper generic mulch scam
Jc68dnuU4wQ-42958999-48809000,Jc68dnuU4wQ,42958999,48809000,be patient and keep squeezing the material together until you have formed a ball that doesn't crumble
qwL0gSYrx40-287597999-290162000,qwL0gSYrx40,287597999,290162000,we're going to add the pakodas into
qnIigpa7WSA-160780000-164690000,qnIigpa7WSA,160780000,164690000,first thing you do is just grab some water and just flush it around the hole
03IC9p0vwrE-177862000-180652000,03IC9p0vwrE,177862000,180652000,let's get on and make mole negro
NU4-eCRbhEE-177190000-180762000,NU4-eCRbhEE,177190000,180762000,can burn and swirl a boat and really damage the surface
FuxmXKqI0jw-309640000-312496000,FuxmXKqI0jw,309640000,312496000,squeezing those toes together squeezing your abs
Jc68dnuU4wQ-26549999-32976000,Jc68dnuU4wQ,26549999,32976000,then pour the alcohol into the beaker with waterglass and immediately start stirring thoroughly with the popsicle stick
9BcaCwJlwF0-32100000-34972000,9BcaCwJlwF0,32100000,34972000,salad and i really like this dole
uBaYVkcapCg-62949999-70259999,uBaYVkcapCg,62949999,70259999,into a petal now i'm not the master of wire crafts and this man versus pin is not about perfecting petals
nYPjqAs6BgY-20820000-26692000,nYPjqAs6BgY,20820000,26692000,i added pork and dried shrimp to this recipe to further enhance the taste of the vegetable
7PTTz5Kn4KQ-120040000-124226000,7PTTz5Kn4KQ,120040000,124226000,yes a lot of water because we are making lot of sambar here
dOh4hMnCViQ-4230000-7681999,dOh4hMnCViQ,4230000,7681999,good morning folks kirk here with kirk giordano plastering
fTwKrYYj1cU-226540000-230981999,fTwKrYYj1cU,226540000,230981999,finish forging with a wet anvil helps with blowing of scale from the steel
UjhlvsXZttQ-113770000-118980000,UjhlvsXZttQ,113770000,118980000,row four on this one we purl one
Klwb_t3I_Vo-92189000-100215000,Klwb_t3I_Vo,92189000,100215000,so now get your leek again same in ireland and england typically people just use the white of the leek versus in spain they typically use the green of the leek
WU_jjlTpECs-134510000-142088000,WU_jjlTpECs,134510000,142088000,if the marks on your cam phasers are opposite from what i just described then rotate the crankshaft one full revolution and check again
hmQeXSSEX7I-104129000-108890999,hmQeXSSEX7I,104129000,108890999,bean sprouts capsicum bell pepper and onions
Xz970Bh_IqI-398099999-403840000,Xz970Bh_IqI,398099999,403840000,three revolutionary fertilizers have been developed exclusively for the cogr boards
rEvhcltNHwo-76050000-78991999,rEvhcltNHwo,76050000,78991999,it helps if the butter is a little soft
Z15pXyOXBmQ-144670000-148408000,Z15pXyOXBmQ,144670000,148408000,slice the carrot pieces into thin strips lengthwise
B44mNHaMhv0-339633999-343478000,B44mNHaMhv0,339633999,343478000,with a local cod beautiful piece of skrei
1uXEbOqgOV4-1869000-5441999,1uXEbOqgOV4,1869000,5441999,today we're going to show you how to change the clutch assembly on your direct dry washer
cNSynV3q3Aw-139859000-143853000,cNSynV3q3Aw,139859000,143853000,now i fold the bottom nori piece over the spam and rice
PNU21gVWOK8-105129000-107671999,PNU21gVWOK8,105129000,107671999,i know how much i'm going to need for this medium load
f08AJd-gDf8-39670000-44645000,f08AJd-gDf8,39670000,44645000,this crab cake so quick ingredients i have here to complement the sandwich
_76j-UL3iZM-32116999-34553000,_76j-UL3iZM,32116999,34553000,wrap the string around the bottle a few times and tie
29iVnf5ja5c-220700000-224749999,29iVnf5ja5c,220700000,224749999,look and he's still panting he's still hot even
80o18Gdtd1Q-834526000-837828000,80o18Gdtd1Q,834526000,837828000,no jars are broken so that just means some of
ErKLtLFGLR4-35860000-39342000,ErKLtLFGLR4,35860000,39342000,you know when i dance and the clams
5QubCg7qHpk-282000000-285738000,5QubCg7qHpk,282000000,285738000,once the candles have cooled remove the wick bar
Hqk95u4ip-U-38110000-42556999,Hqk95u4ip-U,38110000,42556999,i've emptied this tank cleaned it out you see i have two airlines in the back already
rFPa4VpH3QM-441669999-444430000,rFPa4VpH3QM,441669999,444430000,i'm forging another decorative ram's head
Ws99rQZvvj4-278292000-283608000,Ws99rQZvvj4,278292000,283608000,you can let the green section of the scallion protrude from both sides of the rice rolls as garnished
HFoXSDXJljo-124379000-132781000,HFoXSDXJljo,124379000,132781000,if you love having that classic smokey flavor on your food you may want to consider installing a charcoal grill or kamado for that old school flavor
3nU0L-v1ZZY-174960000-177376000,3nU0L-v1ZZY,174960000,177376000,i should have just knit onto the needle i had in my hand
N9iDebB-8Pk-285969000-290102000,N9iDebB-8Pk,285969000,290102000,you take the loop off that peg move it over to peg one
T1tX6GFYLig-119100000-123045999,T1tX6GFYLig,119100000,123045999,thinset mortar out from behind the shower valve seal
mTbXYWfrmBw-462690000-466044000,mTbXYWfrmBw,462690000,466044000,for these gloves check this out these one right here
sQTW7gWt7Mo-140350000-143974000,sQTW7gWt7Mo,140350000,143974000,please do not be discouraged look at that stiff peaks
djuiu-6RPWI-300450000-303356000,djuiu-6RPWI,300450000,303356000,ok we completed the igloo let's take a look inside
7BAWKQvUHpQ-233070000-238584000,7BAWKQvUHpQ,233070000,238584000,for her mane so we're gonna do it as essentially put her onto the extruder this way
0DpnuMOUhlo-247060000-252781999,0DpnuMOUhlo,247060000,252781999,the denim still has its characteristic look because the white threads didn't dye much meaning it's probably polyester
elmSSex5G14-552690000-556954000,elmSSex5G14,552690000,556954000,there's a variety of sea spider that gobbles up zoanthid colonies
8mbrnoG5Dnw-257638999-261627000,8mbrnoG5Dnw,257638999,261627000,lift the drum upwards and forward
99O7Hm4VieQ-251710000-254424000,99O7Hm4VieQ,251710000,254424000,alright lawn cart
kQqAgcZdXJc-118600000-122374000,kQqAgcZdXJc,118600000,122374000,first prepare all the espresso coffees then at the end
RhveV-QPd9E-58830000-63754000,RhveV-QPd9E,58830000,63754000,i've got a strap for the arrow quiver if you want to wear it
KC697HAbtOM-77564000-79744000,KC697HAbtOM,77564000,79744000,a draw hoe is quite useful for this job
EVOigycz5ls-860010000-865092000,EVOigycz5ls,860010000,865092000,together the cream and broth will give this spinach dish the right texture and flavour
atc02E0Ws_c-219618000-222182000,atc02E0Ws_c,219618000,222182000,indian meal moths begin to search for a mate
h4jjNhftxuE-23070000-25914000,h4jjNhftxuE,23070000,25914000,wind them in a just a loose
QoyoPB0Phw8-592470000-597040000,QoyoPB0Phw8,592470000,597040000,make this diy slime i'm going to start by adding some glue to a cup
BiYFDAZVFaw-283318999-286941000,BiYFDAZVFaw,283318999,286941000,hook the end of it under the motor shaft and lever the belt down
aGmyxWfQI_Y-71339000-75018000,aGmyxWfQI_Y,71339000,75018000,so firstly we are going to make some salted egg yolks
BbN3i-WcSOE-349390000-354472000,BbN3i-WcSOE,349390000,354472000,we're getting a perfect char perfect layer of char
yKYu5QG8N10-17889999-20272000,yKYu5QG8N10,17889999,20272000,more people are likely to be stung
CDMwe7SslnM-131106000-133606000,CDMwe7SslnM,131106000,133606000,then the adenium seeds should be healthy
hi_UFxKsRxQ-77238000-82170000,hi_UFxKsRxQ,77238000,82170000,which will take a few minutes while the honey and the butter is melting you can mash your bananas
F9YWtCTgSaA-48860000-51086000,F9YWtCTgSaA,48860000,51086000,heat the area around the dent
xDA83XXIDAU-750640000-754277000,xDA83XXIDAU,750640000,754277000,now we're going to tackle the lock set the doorknob
qBlnDONhXXo-213830000-218912000,qBlnDONhXXo,213830000,218912000,next i put more grated gouda on top of each zucchini boat
SL1iS-sfQ2I-55869000-60845000,SL1iS-sfQ2I,55869000,60845000,we're gonna start this recipe by melting three cups of our milk chocolate
le1UcCmIbNM-120740000-126782000,le1UcCmIbNM,120740000,126782000,while that is still wet move the piece around the nail and make sure you push the edge right to the side
abfuUaY5l8Q-19619999-23910000,abfuUaY5l8Q,19619999,23910000,okay we're going to take the wide end of our tie
eknweo6OKjs-241800000-245282000,eknweo6OKjs,241800000,245282000,by doing this it made the water really murky
JxLywSHYwDE-424779000-429444000,JxLywSHYwDE,424779000,429444000,i'm done perfect i like this gadget a lot it catches all the corn
juVarjvGgf4-270729999-277288000,juVarjvGgf4,270729999,277288000,so we're going to sand it lightly again tack cloth it clean and then add on a third coat
RxxzTN20nTI-150816000-152804000,RxxzTN20nTI,150816000,152804000,and they have been mellow down
uY2xMET0lGI-158830000-164952000,uY2xMET0lGI,158830000,164952000,now you take your nori and you just cut it to size so there's no excess
T9_onaosQ4A-151528000-154476000,T9_onaosQ4A,151528000,154476000,and here is some dried chili
0N8iBvDpOI4-75400000-77931999,0N8iBvDpOI4,75400000,77931999,your friends have to move just one coin
Nb0yhRLcBG0-366750000-369250000,Nb0yhRLcBG0,366750000,369250000,and we have some soap
J9ckyNQ6arI-306900000-309934000,J9ckyNQ6arI,306900000,309934000,yeah this box fort is kind of
FeQxFXprWz4-12430000-14453999,FeQxFXprWz4,12430000,14453999,now the drum belt goes
llSua-Uv2Bk-605270000-609392000,llSua-Uv2Bk,605270000,609392000,and that's gonna take care of our peas for this year
tkws8dG1kZg-62000-6657999,tkws8dG1kZg,62000,6657999,hello friends in today's episode we look at two early corn varieties that are easy to grow
J87uKKVvQbs-10440000-15132000,J87uKKVvQbs,10440000,15132000,overcooked so i plunge my beautiful broccoli
PXYRY10mKLM-56740000-61791000,PXYRY10mKLM,56740000,61791000,they make their babies so within the pinecones there's lots of seeds
UivbSRP80AU-250430000-253540000,UivbSRP80AU,250430000,253540000,how to make this desi black chickpeas
NsqtSzBLXMk-49388999-54630000,NsqtSzBLXMk,49388999,54630000,using wooden sticks to secure it at each end in my installation the strings cross
9gBNBSNSQvo-312273999-314040000,9gBNBSNSQvo,312273999,314040000,got through all of my tomatoes
u2--qfDNDy0-1122410000-1125460999,u2--qfDNDy0,1122410000,1125460999,and with that sichuan there's a little bit of sichuan pepper in there too
Ksce4rk23cc-140840000-146305999,Ksce4rk23cc,140840000,146305999,now here we're throwing on our fire some wood chunks those happen to be apple
jZdxdwwXIwY-28689000-32474000,jZdxdwwXIwY,28689000,32474000,i grow kohlrabi every year from late autumn to spring
Xz970Bh_IqI-380638000-384290000,Xz970Bh_IqI,380638000,384290000,the boards are made of coarse textured pressed coco fiber
SIYmKo7v8gk-10770000-16192000,SIYmKo7v8gk,10770000,16192000,buy wings i already have wings or you can make some out of white feathers
YNEJz9xhNEM-490429000-495361000,YNEJz9xhNEM,490429000,495361000,this right here yeah it's not a skid steer no
wptcvXsjFsw-69068000-71503999,wptcvXsjFsw,69068000,71503999,and start removing the ice from the windscreen
_0g3NOrABPQ-32549000-37486000,_0g3NOrABPQ,32549000,37486000,here i have my hormel pepperoni which is a great brand so yeah
0DpnuMOUhlo-237570000-240667999,0DpnuMOUhlo,237570000,240667999,now that the jeans are dry you can see how the colors turned out
qkJfH65t_oQ-79440000-85055000,qkJfH65t_oQ,79440000,85055000,it made the lamp just totally look different and more contemporary which i loved
bmqjZqfDMQs-81109000-84975000,bmqjZqfDMQs,81109000,84975000,then you unbolt the strut pick that off
0DpnuMOUhlo-21689999-26004000,0DpnuMOUhlo,21689999,26004000,i'm using denim blue rit dye on these and black dylon dye on these
i6mFkYU9v6Q-78066000-83381999,i6mFkYU9v6Q,78066000,83381999,this is the very nice little compact growing early flowering phlox
dLU8mlrv5-4-301330000-304108000,dLU8mlrv5-4,301330000,304108000,all you want to do is just grate as much cheese as you like
m5qyO-YjtqM-130900000-135618000,m5qyO-YjtqM,130900000,135618000,chintz a glazed patterned cotton material originally produced in india
8VjhlyyEwhA-69089000-72298000,8VjhlyyEwhA,69089000,72298000,a few spring onions make a knot of them
h7O3TybN5kE-560000-5954000,h7O3TybN5kE,560000,5954000,there are many choices available for an electric toothbrush and it can be overwhelming to find a good choice
iYKNJM9pTfs-416150000-418574000,iYKNJM9pTfs,416150000,418574000,gonads in this case the testes
cDzSITkxUK0-19450000-22228000,cDzSITkxUK0,19450000,22228000,flutterbat and fluttershy and many more
h5xABrXKsSk-8950000-11344000,h5xABrXKsSk,8950000,11344000,so this is my caulking gun
wjDgSC0OqEs-36428000-40144000,wjDgSC0OqEs,36428000,40144000,and now we pearl
YGsbf7i42Dc-1650000-9857999,YGsbf7i42Dc,1650000,9857999,basement tubshower combos can be a real challenge so in this video we're going to walk you through all the different steps that we took to build one
zE6oGuO1nRw-182469000-186007999,zE6oGuO1nRw,182469000,186007999,let the front wheel glide over the tabletop
q2L2E27UqOA-108384000-116964000,q2L2E27UqOA,108384000,116964000,and the mouth well i try to emphasize that by using a very thin worm of black clay
iMX70bJSI0o-84390000-93503999,iMX70bJSI0o,84390000,93503999,ideally you want it to be made from a rugged fabric such as oxford you can also go with poplin maybe a twill weave
SRc9gTiaX_k-556029000-558930000,SRc9gTiaX_k,556029000,558930000,until you have a hook
2XUs0l-YK68-183000000-193458000,2XUs0l-YK68,183000000,193458000,each nest having a single entrance which may have many adjacent tunnels the entrance is often a perfectly circular hole
89gC-5f1Tbo-174430000-179640000,89gC-5f1Tbo,174430000,179640000,grease your grilling pan and cook the chicken skewers on mediumhigh heat
6HQx-gFA3MI-240480000-244242000,6HQx-gFA3MI,240480000,244242000,let's start by putting the fan case seal
uJSiFp4u_iA-209900000-214671000,uJSiFp4u_iA,209900000,214671000,you may find ants around the aphids now ants themselves aren't a pest
f3TKuTt9Mv4-134859000-140029999,f3TKuTt9Mv4,134859000,140029999,you can now place your basil in a spot which receives very good sunlight
JwnjR27zukc-183910000-187042000,JwnjR27zukc,183910000,187042000,the thumb reaches for the coin
n7SvxUkk6k0-303080000-305644000,n7SvxUkk6k0,303080000,305644000,slowly add the icing sugar in thirds
wZeDz7MThoE-113368000-118619999,wZeDz7MThoE,113368000,118619999,and once you see air bubbles on the top side of the pancake flip the pancake over
RmJ751UInuA-128939000-133061000,RmJ751UInuA,128939000,133061000,salt to taste black pepper to taste
XAyMN3xY7bM-159250000-162000000,XAyMN3xY7bM,159250000,162000000,look at this the dal is nicely boiled
BQ2HgidRtiI-131430000-136322000,BQ2HgidRtiI,131430000,136322000,they know it and they will cover it with wax and that's when i see all this
ebuVVBLtZ5g-434739999-437774000,ebuVVBLtZ5g,434739999,437774000,now once your tint is mounted to the outside
HM4r3i5wvU4-307909999-309700000,HM4r3i5wvU4,307909999,309700000,toss to coat around
kbgIOXJ98XM-43629999-50032000,kbgIOXJ98XM,43629999,50032000,so you want to make sure that the heat is about medium heat and keep stirring so the chocolate doesn't scald
EVuB_0hxE3c-1220280000-1225514000,EVuB_0hxE3c,1220280000,1225514000,i use a mixture of tung and linseed oil which is distributed as gun stock finish
5YuEfscX4Yg-372533999-379834000,5YuEfscX4Yg,372533999,379834000,to simplify the problem we can conservatively assume that the other half of the truss is subjected to an identical set of forces
DCTw5YyvIZ4-107799000-110339000,DCTw5YyvIZ4,107799000,110339000,you're done with your skein
2c-nWog2AfY-226150000-230858999,2c-nWog2AfY,226150000,230858999,brier hill and we hope to keep that alive and
RsPpGEJjLCU-297611999-305104000,RsPpGEJjLCU,297611999,305104000,pass through one end through the hole and tie up both ends with a simple knot and that's it your tea flavor cookies are all done
5X97EqzdKu4-57900000-64386999,5X97EqzdKu4,57900000,64386999,the cuba libre for obvious reasons has also become known as rum and coke which is usually made without the lime
rVBR8OZbALs-89680000-93768999,rVBR8OZbALs,89680000,93768999,i've been playing a lot with corn and i've cut about i don't know
fF8-dW42ipM-121228000-124560000,fF8-dW42ipM,121228000,124560000,being sure to keep the parrots beak beneath your chin
8Am2YxEJ9LE-595390000-600280000,8Am2YxEJ9LE,595390000,600280000,so to really see these ants in action we have to come back after dark
33tOwPFPm6E-100610000-102714000,33tOwPFPm6E,100610000,102714000,three tins of a tomato
awc_5aAMNts-18700000-21720000,awc_5aAMNts,18700000,21720000,over here you can see a square be marked out
HoHtiLutBlo-172560000-174890000,HoHtiLutBlo,172560000,174890000,here is the qoocam
OnYWg-sbmnM-76381000-81120999,OnYWg-sbmnM,76381000,81120999,and mix it well it just stirs quite easily it just makes the crumbs nice and moist
#NAME?,#NAME?,251780000,255965999,and chop the green onions
ODUgv1i1JJA-189139000-196425000,ODUgv1i1JJA,189139000,196425000,a certain height you can start lowering the parallettes and gradually working so that you can perform this skill
FB1lrmzmrJg-244000000-248658000,FB1lrmzmrJg,244000000,248658000,real good shower stall that's got the little seat base in there
8FL7ZdFvtGk-295859999-300878000,8FL7ZdFvtGk,295859999,300878000,part of this is due to some of the onions rotting at their base where they touch the soil
YdD4Ut4TVCw-65320000-71047000,YdD4Ut4TVCw,65320000,71047000,the bracket assembly into the same light fixture so now i'm going to share with you
f90Y85OGkxM-3540000-12546000,f90Y85OGkxM,3540000,12546000,for this tutorial you will need your selected yarn i'm using style craft special dk in the colour white i'll leave a link in the description box below
6t4TpRNzulY-4070000-7681999,6t4TpRNzulY,4070000,7681999,now i am showing you this front load washing machine full demo
3Q-RVVavbi0-98769000-104711000,3Q-RVVavbi0,98769000,104711000,and let it very gently bubble away you don't want rapid boiling you want a very gentle simmer away
046rWIwNDIo-9460000-14392000,046rWIwNDIo,9460000,14392000,bottle gourd bottle gourd is also known for its varied shapes
NHjhgCX2MfY-14010000-17556000,NHjhgCX2MfY,14010000,17556000,we're going to grab a small piece of a wax paper
_vRRYsVUkwU-352058999-357717000,_vRRYsVUkwU,352058999,357717000,apart from the obvious size difference bull ant queens look quite similar to regular workers
VDDiP2FtL_o-145770000-154836000,VDDiP2FtL_o,145770000,154836000,over medium heat gently lower down the pork belly skin side down into the oil and pan fry the skin until crispy and golden brown
16-Q-v_qqFA-74879000-79145999,16-Q-v_qqFA,74879000,79145999,while the dirt blaster attachment is designed for more targeted cleaning
yXiE4k7XWXs-125089000-127866999,yXiE4k7XWXs,125089000,127866999,now is a good time to start grating those carrots
5TxhpTdEwNU-349640000-352224000,5TxhpTdEwNU,349640000,352224000,mint leaves that i'm gonna just
Dxc-3DigTpE-248400000-253150000,Dxc-3DigTpE,248400000,253150000,next when putting them together we're going to take some adhesive indooroutdoor caulk
em5VcKcznN8-83409000-88374000,em5VcKcznN8,83409000,88374000,because the diameter of the scion was significantly smaller than the diameter of this rootstock
Ek8EyBntT64-426109999-429208000,Ek8EyBntT64,426109999,429208000,and we can tighten down the two outer bolts with the wrench
g-kVoQVA4jU-173710000-177960000,g-kVoQVA4jU,173710000,177960000,so these were my quick soft baits rigging tips but now it's up to you
IiJ98Scj5HI-339879999-345316000,IiJ98Scj5HI,339879999,345316000,flip it over look at that amazing color beautiful beautiful
b9aEx7zhY-I-478429999-483652000,b9aEx7zhY-I,478429999,483652000,but look at this thing that monstrosity is called the entelodont
pikkOrULArY-49608000-53260000,pikkOrULArY,49608000,53260000,and i'm going to rake that down her hair
EiGs4Coy1SA-144820000-148685999,EiGs4Coy1SA,144820000,148685999,be careful not to over steam using an excess amount of steam
uV1JHniMPS4-438250000-442116000,uV1JHniMPS4,438250000,442116000,centered on its cap but for oyster mushroom
o_h8aRg4XWw-62708999-65429999,o_h8aRg4XWw,62708999,65429999,this is going to have lot of curry leaves flavor
N_xBcqlYVMU-218530000-221166000,N_xBcqlYVMU,218530000,221166000,to sharpen your chain that's for sure
kMh08kQ2VTQ-343720000-347946000,kMh08kQ2VTQ,343720000,347946000,we're then go to yarn over and insert our hook into the next v
VDRhVo8u7cs-179419000-183444000,VDRhVo8u7cs,179419000,183444000,caulking it because this will help prevent the caulk from separating
Hy_tv8_bgzY-234099000-236493000,Hy_tv8_bgzY,234099000,236493000,and measure to the waist point
WHM9PWYT4WY-14729000-18479000,WHM9PWYT4WY,14729000,18479000,place the capers in a sieve to drain them
-8_I-lI8L7A-157931000-162863000,-8_I-lI8L7A,157931000,162863000,twist the hose completely off of the pump
rGyuCtdtCyY-3319000-6274000,rGyuCtdtCyY,3319000,6274000,hi this is preetha and welcome to dakshin curry
oGh4_fzL-2c-93040000-98506000,oGh4_fzL-2c,93040000,98506000,stir the mussels in add the rest of the onions
TTiudz5tYsY-110570000-112836000,TTiudz5tYsY,110570000,112836000,and then turn the prawn over
S1QVjL_Qs2I-293533999-298530000,S1QVjL_Qs2I,293533999,298530000,i push the stems in to the foam a little bit further in
vo6p12f1xHw-261969999-266028000,vo6p12f1xHw,261969999,266028000,as you can see it closes the top of the bat house off
K9Cpngug8Oc-55769999-61769000,K9Cpngug8Oc,55769999,61769000,make sure the cables don't dangle into either engine compartment where they can get tangled onto moving parts
iOHF1tVcDR8-386859999-391174000,iOHF1tVcDR8,386859999,391174000,so now i have the chopped potatoes in there i'm just gonna give
cPoWp_T28eg-618940000-624192000,cPoWp_T28eg,618940000,624192000,for this recipe i'm using a muffin tin lined with some silicon baking cups
1t-xqLNO430-96769000-102819000,1t-xqLNO430,96769000,102819000,worldfamous handmade original and lemonade mojitos are incredibly delicious
J3NnXGTytSM-691380000-693298000,J3NnXGTytSM,691380000,693298000,alright so let's start with the cream puffs
d_1sBGw8-o4-517289999-521003000,d_1sBGw8-o4,517289999,521003000,look at that doesn't take long at all nice lather
ooVteOmAQlA-61288000-65899999,ooVteOmAQlA,61288000,65899999,next marinate the prawns with a little bit of salt and some turmeric
rgNm-8f8Y_w-61110000-65525999,rgNm-8f8Y_w,61110000,65525999,softneck varieties don't produce scapes but store for much longer
fqCtoNfF0tc-303739999-306582000,fqCtoNfF0tc,303739999,306582000,boil the noodle until it is soft
N7ojJtMGbec-17220000-22884000,N7ojJtMGbec,17220000,22884000,so that's all set that's the first thing to check for if your fridge isn't working
hrqGxRsO1NE-854410000-857421000,hrqGxRsO1NE,854410000,857421000,two strokes in each tooth
9PYNyL29OOI-150880000-153658000,9PYNyL29OOI,150880000,153658000,so we slowly ferried over in a small boat
jIHMstYf_SE-277494000-282362000,jIHMstYf_SE,277494000,282362000,of learning how to make this very best very best mixed vegetable adai
NSgx5Kkd8Y4-97600000-100928000,NSgx5Kkd8Y4,97600000,100928000,don't really want to stir it once i put the cola in there
WWiNDJvxG7c-408068999-412121000,WWiNDJvxG7c,408068999,412121000,of the petal and you pull it in opposite directions so that it forms frills
vqaaQ1evSK0-128070000-130400000,vqaaQ1evSK0,128070000,130400000,and lightly knead it for a minute or so
BlfMV7gDnoI-73440000-77827999,BlfMV7gDnoI,73440000,77827999,balloon palm tree thank you very much and thank you for watching your balloon man mr fudge
DVSzIM7yuXY-146609000-148981000,DVSzIM7yuXY,146609000,148981000,to get uniform sized brigadeiros
2Nx0gLDwR7k-170010000-172415999,2Nx0gLDwR7k,170010000,172415999,glows so well in the dark
rGVQvZb-Ghk-386568999-389515000,rGVQvZb-Ghk,386568999,389515000,and stick them on with edible glue
yB0zZoel_yw-481289999-485568000,yB0zZoel_yw,481289999,485568000,parallel with the way the ear wire goes you don't have to have a jump ring
dYUL4siK82o-548390000-551232000,dYUL4siK82o,548390000,551232000,and then install the steering stem back into the frame
DiTPHrUN4cY-349090000-354996000,DiTPHrUN4cY,349090000,354996000,the colby cheese on the top i'm going to grate about another half a cup or so
BQyY3y0xZW8-115600000-118484000,BQyY3y0xZW8,115600000,118484000,and one accent color will work the best
fNxQX4EIyjI-402970000-410816000,fNxQX4EIyjI,402970000,410816000,so you can turn the dial off and then you'll get your reading as the needle bounces back to what your reading is
_O9kWD8nuRU-178748000-183808000,_O9kWD8nuRU,178748000,183808000,remove and let the snap peas cool in icy water
2r-zF48muPk-255270000-261862000,2r-zF48muPk,255270000,261862000,we're not finished yet no no let's glam these babies with some red shoelaces and epic cray cray charms
046rWIwNDIo-183130000-191482000,046rWIwNDIo,183130000,191482000,it is an early matured variety you will notice baby fruits on tertiary vines at the very first few leaves
ZZ4ALxBDSeM-168499000-170910000,ZZ4ALxBDSeM,168499000,170910000,instead of the seventh fret there
TTiudz5tYsY-160219000-163701000,TTiudz5tYsY,160219000,163701000,put all the prawns in a colander to drain away the water
di8ihQZWc1Y-158290000-165715999,di8ihQZWc1Y,158290000,165715999,then the second slice of bread the side that is buttered is going to be facing upwards
j4_JLdRVoqA-12430000-16198000,j4_JLdRVoqA,12430000,16198000,a fun way to start grow bonsai trees is to buy a starter kit
PYJkRF7r7w0-50958000-54994000,PYJkRF7r7w0,50958000,54994000,and then there are alates also known as swarmers they are about half an inch long
g9fT5SPHwGM-286729999-293284000,g9fT5SPHwGM,286729999,293284000,so what's the proper and correct tie length for you personally i think it's best when the front blade and back blade tips
3eny8a-Aepg-16059999-18518000,3eny8a-Aepg,16059999,18518000,you may have heard the term feng shui before
NP3_RnPjh0w-161780000-166397000,NP3_RnPjh0w,161780000,166397000,to dress it up i'm using a garlic loaf to make the sandwich
ooVteOmAQlA-157410000-160444000,ooVteOmAQlA,157410000,160444000,after a minute or so flip the prawns over
V9A1CPTEaXY-15870000-18648000,V9A1CPTEaXY,15870000,18648000,to start with you want to wet the mane down
AykiNpDN9B0-11650000-13936000,AykiNpDN9B0,11650000,13936000,bodhi bonsai trees
2jsIf_0_1eA-405299999-408918000,2jsIf_0_1eA,405299999,408918000,the center of the mushroom has already been eaten away by these
0Eq8gBI5riU-26580000-29235000,0Eq8gBI5riU,26580000,29235000,a hundred and twenty shirts
Ful5nE30fZU-202440000-206303999,Ful5nE30fZU,202440000,206303999,and then arranged my little heartshaped sushi inside
XXpnLDLLWrI-36579000-40551000,XXpnLDLLWrI,36579000,40551000,tubing and this just needs to be hooked to an air pump
bzV_Tgg9-PE-51869000-57434000,bzV_Tgg9-PE,51869000,57434000,and i like cutting rosemary into smaller pieces because i like the flavor of the rosemary to be throughout the dish
0dOg_RUmCVI-359890000-362822000,0dOg_RUmCVI,359890000,362822000,you don't have to beat on it severely
ro8YftlnePE-160340000-168200000,ro8YftlnePE,160340000,168200000,let me introduce you to what i consider to be one of the biggest organizational game changers out there this spacesaving hanger
rxiGvt0BjpQ-93968000-96979999,rxiGvt0BjpQ,93968000,96979999,load a stack of photo paper into the input tray
oyEQkF0o-yA-132190000-135800000,oyEQkF0o-yA,132190000,135800000,it won't tangle and when it comes time to deploy it
6Z09nlcCWpA-54097000-59447000,6Z09nlcCWpA,54097000,59447000,the pork is lovely and tender you can really get the flavour of the wok hai the gwor wai
UXkWyNcNM7g-141748000-144440000,UXkWyNcNM7g,141748000,144440000,and the crown end rafters intersect
WuCJwqS5lKM-94790000-99937999,WuCJwqS5lKM,94790000,99937999,moisture therapy intensive healing and repair by avon
8xHXx5HARC8-168570000-176506000,8xHXx5HARC8,168570000,176506000,it'll also weld sheet metal melt neodymium magnets and heat steel until it's glowing hot just in case you're in the mood for a little amateur blacksmithing
HtLddZHaXOk-192580000-195254000,HtLddZHaXOk,192580000,195254000,that is a big soldier ant right there
F3zSXVfL_7g-178948000-183944000,F3zSXVfL_7g,178948000,183944000,now you're going to want to puree until very very smooth this will take a couple of minutes
DU52M01oYAo-96140000-100773999,DU52M01oYAo,96140000,100773999,okay these are some shop bought carrots
VOwF13pGkT0-31860000-35150000,VOwF13pGkT0,31860000,35150000,next throw in a half of a stick of butter into a pot over medium heat
EEWyRE4Qjsc-30769000-35339000,EEWyRE4Qjsc,30769000,35339000,in the same pot i have a cucumber vine as well
adjoCkxXzng-572150000-575418000,adjoCkxXzng,572150000,575418000,and comes with a little peanut boat
g7Zjt7Y_yJw-613749000-617657000,g7Zjt7Y_yJw,613749000,617657000,you can do this with all the tiers i didn't feel i needed to with the other two
dfTy8KGRWR0-51990000-56432000,dfTy8KGRWR0,51990000,56432000,we're going to bring sugar i'll add milk
#NAME?,#NAME?,453989999,457600000,the eel is such a unique texture
7txoB9qnKWs-747810000-753558000,7txoB9qnKWs,747810000,753558000,and bok choy i'm going to cover this
8Am2YxEJ9LE-800378000-805472000,8Am2YxEJ9LE,800378000,805472000,it kind of reminds me of dogs competing for a bone the bull ants are the top dogs
ooGAuROvtjM-75610000-79106000,ooGAuROvtjM,75610000,79106000,now oil get heated so i am going to add cardamoms
DHfz1AYI3zA-179980000-184060000,DHfz1AYI3zA,179980000,184060000,and i start from this edge and fold it to this edge same thing for this side
V4LWvX3vKOI-713209000-715851000,V4LWvX3vKOI,713209000,715851000,either you want to see the wet stone
vJLFPXeMamI-227624000-230060000,vJLFPXeMamI,227624000,230060000,it's the same as digging a deep hole you probably get more dirt
KaLpVPCaYpM-58799000-65801999,KaLpVPCaYpM,58799000,65801999,a pair of scissors a sanding sponge to wrap the sand paper around
uhgVvENxTP4-508020000-510428000,uhgVvENxTP4,508020000,510428000,so that's it the wrapped wreath is done
QR9I-3kNMRM-14320000-26027000,QR9I-3kNMRM,14320000,26027000,and some sliced fruit have a parents slice the fruit we have strawberries and kiwi lemonade grape juice and orange juice we're gonna start
z-JlDYcBSk4-91009000-97861000,z-JlDYcBSk4,91009000,97861000,a key ingredient in cetuximab is a specific carbohydrate that all nonprimate mammals carry in their cell walls and tissues
WasvUFXmACk-254000-4162000,WasvUFXmACk,254000,4162000,hello and welcome to our modular origami sonobe cube instructions
hmNzIyBjJM0-337159999-340066000,hmNzIyBjJM0,337159999,340066000,this is the murphy sofa slat system
vZXOeJS9X1I-171590000-174605000,vZXOeJS9X1I,171590000,174605000,a little bowl of flour here because i want to
jm5sCOh2MIU-136090000-139438000,jm5sCOh2MIU,136090000,139438000,using a parting tool i start to plunge into the wood
hBIGGZyZ6WQ-315840000-320514000,hBIGGZyZ6WQ,315840000,320514000,ok after beading i'll still use the handle
BBRoJ7FkG7g-55320000-64753999,BBRoJ7FkG7g,55320000,64753999,plant these cashew nut two of the cashew nut seed inside then and i will try two of the cashew nut seeds with paper towel method
VltGfANsRKA-14943000-18915000,VltGfANsRKA,14943000,18915000,and get back to fishing now i tie a knot called palomar knot all you do is
cWWBxszB9hg-249356000-254224000,cWWBxszB9hg,249356000,254224000,and the velcro part doesn't seem to fit properly around her arm
bOzNYkxcc8A-99360000-102713999,bOzNYkxcc8A,99360000,102713999,then you just scrape down all that stuff from the sides
Z9Tr7xKjS8k-139310000-142804000,Z9Tr7xKjS8k,139310000,142804000,slice the chilies in thin strip these are fresh chilies
j7HKVbZlZtM-170566000-173002000,j7HKVbZlZtM,170566000,173002000,fan of grating recently
TtqkgbPJcII-32918000-37658000,TtqkgbPJcII,32918000,37658000,what i'm gonna do is take off my thyme now to bring out the most amount of flavor
ZX5ZZ5Vv6ic-131410000-136477999,ZX5ZZ5Vv6ic,131410000,136477999,mint leaves and coriander leaves cilantro them and mix it well again
_j3oOv-ygQk-366580000-368996000,_j3oOv-ygQk,366580000,368996000,and then go back to the purl stitch
9M5mqcdwtsQ-64388999-69455999,9M5mqcdwtsQ,64388999,69455999,one of the things that i like to do before i waterproof suede is always to brush the suede
N39uwTykTQk-360310000-366568000,N39uwTykTQk,360310000,366568000,because if these don't work the next stiffest thing is a tube but we can't go there can we
165K0RGIL2M-102490000-105588000,165K0RGIL2M,102490000,105588000,it's now time to add kissan ketchup
8SZ__pZ89nk-85538000-89958000,8SZ__pZ89nk,85538000,89958000,which actually has great pho along with many other great dishes
xmzKgdcwXrU-39260000-45110000,xmzKgdcwXrU,39260000,45110000,once you've done that you just want to juice the lime into your avocado just like this
jgnBfhAlFDU-125019000-128604999,jgnBfhAlFDU,125019000,128604999,these root scissors firstly
_2V61YWfWjI-64260000-67530999,_2V61YWfWjI,64260000,67530999,and just roast this till this also gets a nice
mgoIO-aD8Ys-41080000-46034000,mgoIO-aD8Ys,41080000,46034000,one of the most popular indoor vining plants is pothos or epipremnum aureum
IVFyKzfU020-8550000-13698000,IVFyKzfU020,8550000,13698000,today we're going to learn how to tie the full windsor the full windsor knot is a bold knot
DLxOwVw1NEE-282500000-285824000,DLxOwVw1NEE,282500000,285824000,diodes themselves but they're so small
ujS0Viuv5kg-626810000-630804000,ujS0Viuv5kg,626810000,630804000,lastly we doubled this melody on a bass synth to give it some bite
5SGMXA11-m4-145029000-148319000,5SGMXA11-m4,145029000,148319000,close it up and you have your ice cream tea latte
JztI2gonR6k-337260000-339082000,JztI2gonR6k,337260000,339082000,bowl and now
1yf2uBiaOmU-214010000-218580000,1yf2uBiaOmU,214010000,218580000,well mini arc furnace versus marbles apparently no problem at all
iNyN6noGRqg-102146000-106472000,iNyN6noGRqg,102146000,106472000,for this soda gadget we got here a can pump
XobMN8CK7Bk-102500000-106186000,XobMN8CK7Bk,102500000,106186000,pull your thread and let the petals fold against each other
Kpol-f67T4k-184440000-187345999,Kpol-f67T4k,184440000,187345999,and we just want to pour
xIAC0IS3buI-182760000-188162000,xIAC0IS3buI,182760000,188162000,we can use the same method to remove the skin of tomatoes and pears
invQ7xjn8ZU-255040000-258662000,invQ7xjn8ZU,255040000,258662000,and create two catchlights using some white edible paint
